,POS,Pitch accent
0,名詞,0
1,助詞,1
2,名詞,0
3,助詞,1
4,代名詞,0
5,助動詞,1
6,動詞,0
7,助動詞,1
8,動詞,0
9,名詞,0
10,連体詞,1
11,副詞,0
12,動詞,5
13,動詞,3
14,助詞,0
15,名詞,1
16,連体詞,0
17,助詞,0
18,接続詞,1
19,名詞,1
20,助詞,1
21,助詞,0
22,名詞,0
23,名詞,1
24,名詞,1
25,動詞,2
26,助詞,0
27,名詞,3
28,助詞,0
29,名詞,2
30,助詞,1
31,名詞,0
32,名詞,1
33,名詞,3
34,名詞,1
35,名詞,1
36,助詞,1
37,名詞,0
38,助詞,1
39,代名詞,0
40,助動詞,1
41,動詞,0
42,助動詞,1
43,動詞,0
44,助詞,0
45,名詞,1
46,動詞,2
47,動詞,0
48,助詞,1
49,名詞,0
50,助詞,0
51,副詞,2
52,接続詞,1
53,動詞,0
54,助詞,0
55,名詞,1
56,接頭辞,1
57,助詞,0
58,名詞,3
59,形容詞,2
60,名詞,1
61,助詞,0
62,名詞,2
63,動詞,1
64,助詞,0
65,名詞,1
66,助詞,0
67,代名詞,1
68,助詞,1
69,名詞,0
70,形容詞,1
71,名詞,1
72,助詞,0
73,名詞,2
74,助詞,1
75,名詞,0
76,助詞,1
77,代名詞,0
78,助動詞,1
79,動詞,0
80,助動詞,1
81,動詞,0
82,代名詞,0
83,動詞,0
84,動詞,3
85,接続詞,1
86,動詞,3
87,動詞,0
88,助詞,1
89,代名詞,0
90,接続詞,1
91,助動詞,1
92,助詞,0
93,名詞,1
94,助詞,0
95,形状詞,4
96,動詞,0
97,助詞,0
98,助詞,1
99,名詞,1
100,名詞,0
101,助詞,0
102,名詞,3
103,形状詞,0
104,助詞,1
105,名詞,0
106,接続詞,1
107,助詞,1
108,名詞,0
109,名詞,3
110,感動詞,1
111,感動詞,1
112,助詞,1
113,助詞,0
114,助詞,1
115,動詞,0
116,動詞,0
117,助詞,0
118,名詞,2
119,接続詞,0
120,名詞,2
121,助詞,1
122,名詞,0
123,助動詞,10
124,名詞,3
125,助詞,1
126,代名詞,0
127,代名詞,1
128,代名詞,2
129,感動詞,4
130,感動詞,3
131,名詞,3
132,感動詞,1
133,感動詞,1
134,助詞,1
135,助詞,0
136,助詞,1
137,動詞,0
138,動詞,0
139,助詞,0
140,名詞,2
141,接続詞,0
142,名詞,2
143,助詞,1
144,名詞,0
145,助動詞,10
146,名詞,3
147,助詞,1
148,代名詞,0
149,代名詞,1
150,代名詞,2
151,感動詞,4
152,感動詞,3
153,助詞,0
154,動詞,3
155,名詞,0
156,助詞,0
157,形状詞,1
158,接続詞,1
159,助動詞,0
160,名詞,1
161,接続詞,1
162,副詞,1
163,名詞,0
164,助詞,0
165,名詞,1
166,動詞,2
167,接続詞,1
168,名詞,1
169,動詞,0
170,助詞,0
171,助詞,1
172,名詞,1
173,名詞,0
174,接続詞,0
175,名詞,2
176,名詞,0
177,助動詞,1
178,動詞,0
179,助詞,1
180,接尾辞,0
181,助詞,0
182,助詞,1
183,名詞,2
184,名詞,0
185,名詞,0
186,名詞,1
187,接続詞,0
188,代名詞,0
189,名詞,0
190,名詞,3
191,感動詞,1
192,感動詞,1
193,助動詞,1
194,形状詞,0
195,感動詞,1
196,接続詞,1
197,動詞,0
198,動詞,3
199,動詞,0
200,名詞,0
201,助動詞,1
202,副詞,1
203,副詞,0
204,動詞,0
205,名詞,2
206,助詞,0
207,名詞,1
208,名詞,0
209,名詞,2
210,助詞,1
211,代名詞,0
212,動詞,0
213,接続詞,1
214,動詞,1
215,助詞,0
216,助詞,1
217,名詞,0
218,接続詞,1
219,名詞,1
220,助詞,0
221,代名詞,2
222,助詞,0
223,名詞,2
224,助詞,0
225,助詞,1
226,名詞,2
227,名詞,0
228,動詞,0
229,助詞,0
230,助詞,1
231,名詞,2
232,名詞,0
233,名詞,1
234,助詞,1
235,名詞,0
236,接続詞,1
237,名詞,2
238,助動詞,0
239,動詞,1
240,名詞,4
241,助詞,0
242,接尾辞,2
243,名詞,0
244,名詞,3
245,助詞,0
246,名詞,1
247,動詞,0
248,接続詞,1
249,名詞,4
250,助詞,1
251,名詞,0
252,形容詞,0
253,名詞,3
254,名詞,0
255,連体詞,1
256,助詞,1
257,名詞,0
258,助詞,0
259,助詞,1
260,名詞,2
261,名詞,0
262,助詞,1
263,助詞,0
264,名詞,0
265,名詞,1
266,助動詞,1
267,動詞,0
268,助詞,1
269,名詞,0
270,助詞,0
271,名詞,1
272,動詞,1
273,助詞,1
274,名詞,0
275,形容詞,3
276,助詞,0
277,副詞,1
278,接続詞,0
279,形容詞,1
280,助詞,0
281,形容詞,2
282,接続詞,1
283,動詞,2
284,助詞,0
285,代名詞,2
286,名詞,2
287,名詞,3
288,助詞,0
289,名詞,3
290,助詞,1
291,助詞,0
292,動詞,1
293,名詞,2
294,接続詞,1
295,動詞,2
296,助詞,0
297,名詞,1
298,接続詞,1
299,動詞,2
300,助詞,0
301,名詞,1
302,名詞,0
303,助詞,1
304,名詞,0
305,動詞,2
306,助詞,0
307,名詞,1
308,助詞,1
309,代名詞,0
310,助動詞,1
311,動詞,0
312,助詞,0
313,名詞,1
314,助詞,1
315,名詞,0
316,名詞,1
317,名詞,2
318,助詞,0
319,名詞,3
320,助詞,0
321,名詞,1
322,助詞,0
323,名詞,1
324,動詞,3
325,接続詞,1
326,名詞,3
327,名詞,3
328,助動詞,1
329,助詞,0
330,動詞,1
331,助動詞,1
332,助詞,0
333,動詞,1
334,助詞,0
335,名詞,1
336,連体詞,0
337,助詞,0
338,助動詞,00
339,動詞,1
340,動詞,1
341,助詞,0
342,接続詞,1
343,名詞,1
344,助詞,1
345,副詞,0
346,接続詞,0
347,名詞,3
348,助動詞,1
349,名詞,1
350,接続詞,1
351,動詞,1
352,名詞,0
353,助詞,0
354,名詞,1
355,名詞,1
356,助詞,0
357,名詞,2
358,感動詞,1
359,感動詞,1
360,助詞,0
361,名詞,2
362,動詞,0
363,名詞,3
364,名詞,0
365,名詞,2
366,名詞,0
367,名詞,1
368,名詞,2
369,名詞,2
370,助動詞,1
371,助詞,0
372,動詞,1
373,助動詞,1
374,助詞,0
375,動詞,1
376,助詞,0
377,名詞,1
378,連体詞,0
379,助動詞,11
380,助動詞,0
381,副詞,1
382,助詞,0
383,名詞,1
384,連体詞,0
385,名詞,2
386,名詞,1
387,副詞,0
388,副詞,1
389,接続詞,1
390,名詞,3
391,名詞,0
392,名詞,1
393,形容詞,1
394,動詞,1
395,形容詞,1
396,助詞,1
397,名詞,0
398,接頭辞,1
399,助詞,0
400,助動詞,1
401,形状詞,0
402,名詞,1
403,助詞,0
404,名詞,2
405,感動詞,1
406,感動詞,1
407,助詞,0
408,名詞,2
409,名詞,1
410,接続詞,0
411,名詞,1
412,助詞,0
413,助詞,1
414,名詞,2
415,名詞,0
416,名詞,0
417,名詞,0
418,名詞,4
419,名詞,0
420,助動詞,1
421,助詞,0
422,動詞,1
423,助動詞,1
424,助詞,0
425,動詞,1
426,助詞,0
427,名詞,1
428,連体詞,0
429,名詞,0
430,名詞,3
431,連体詞,1
432,助詞,1
433,名詞,0
434,助動詞,0
435,動詞,2
436,助詞,0
437,助動詞,00
438,形容詞,1
439,動詞,2
440,助詞,0
441,接続詞,1
442,名詞,0
443,接続詞,0
444,名詞,0
445,名詞,1
446,助詞,0
447,名詞,2
448,感動詞,1
449,感動詞,1
450,助詞,0
451,名詞,2
452,名詞,0
453,連体詞,0
454,動詞,1
455,動詞,2
456,動詞,0
457,名詞,1
458,名詞,0
459,名詞,2
460,名詞,3
461,名詞,0
462,名詞,1
463,助詞,0
464,助詞,1
465,名詞,2
466,名詞,0
467,形容詞,3
468,代名詞,1
469,代名詞,2
470,助動詞,1000
471,助動詞,0000
472,名詞,0
473,名詞,1
474,助詞,0
475,名詞,4
476,感動詞,1
477,助動詞,10
478,名詞,0
479,助詞,0
480,助詞,0
481,名詞,2
482,名詞,3
483,助詞,0
484,接続詞,1
485,助動詞,0
486,助詞,0
487,名詞,2
488,名詞,1
489,接続詞,1
490,名詞,3
491,助詞,0
492,名詞,1
493,助動詞,10
494,接続詞,1
495,動詞,0
496,形状詞,1
497,形状詞,0
498,接続詞,0
499,名詞,2
500,助動詞,00
501,形容詞,1
502,助詞,0
503,接続詞,1
504,動詞,1
505,代名詞,1
506,代名詞,2
507,名詞,1
508,助詞,0
509,助詞,1
510,名詞,2
511,名詞,0
512,形容詞,3
513,代名詞,1
514,代名詞,2
515,助動詞,1000
516,助動詞,0000
517,名詞,0
518,名詞,1
519,助詞,0
520,名詞,4
521,助動詞,10
522,動詞,0
523,助詞,0
524,名詞,2
525,名詞,1
526,名詞,2
527,接続詞,1
528,接続詞,1
529,動詞,0
530,名詞,1
531,接頭辞,1
532,助動詞,10
533,名詞,0
534,助詞,0
535,助詞,1
536,助詞,1
537,助詞,0
538,動詞,0
539,動詞,4
540,名詞,2
541,助詞,0
542,助詞,0
543,名詞,2
544,名詞,1
545,助詞,0
546,動詞,3
547,名詞,1
548,名詞,1
549,助詞,0
550,助詞,1
551,名詞,2
552,名詞,0
553,形容詞,3
554,代名詞,1
555,代名詞,2
556,助動詞,1000
557,助動詞,0000
558,名詞,0
559,名詞,1
560,助詞,0
561,名詞,4
562,助動詞,10
563,接続詞,1
564,動詞,1
565,接続詞,1
566,感動詞,1
567,助詞,0
568,名詞,1
569,助詞,0
570,名詞,1
571,助動詞,1
572,動詞,0
573,助詞,0
574,接続詞,1
575,名詞,0
576,名詞,1
577,助動詞,10
578,動詞,2
579,接続詞,0
580,助詞,0
581,名詞,1
582,名詞,1
583,助動詞,00
584,形容詞,1
585,助詞,1
586,名詞,0
587,代名詞,1
588,代名詞,2
589,助動詞,10
590,感動詞,1
591,接続詞,1
592,名詞,1
593,接続詞,1
594,名詞,0
595,助詞,1
596,名詞,0
597,助詞,0
598,動詞,1
599,助詞,0
600,助詞,1
601,動詞,0
602,接続詞,1
603,動詞,3
604,接続詞,0
605,代名詞,1
606,代名詞,2
607,助詞,0
608,助詞,1
609,名詞,3
610,名詞,0
611,助詞,0
612,名詞,1
613,助詞,0
614,名詞,1
615,名詞,3
616,助動詞,1
617,形状詞,0
618,動詞,1
619,助詞,0
620,名詞,1
621,助動詞,1
622,形状詞,0
623,動詞,1
624,助詞,1
625,名詞,0
626,助詞,1
627,名詞,0
628,助詞,0
629,助詞,0
630,代名詞,1
631,代名詞,2
632,助動詞,10
633,感動詞,1
634,接続詞,1
635,名詞,1
636,接続詞,1
637,名詞,0
638,助詞,1
639,名詞,0
640,助詞,0
641,助動詞,1
642,助動詞,0
643,助動詞,0
644,助動詞,1
645,感動詞,1
646,代名詞,1
647,接続詞,1
648,動詞,3
649,助詞,0
650,助詞,0
651,代名詞,1
652,代名詞,2
653,助詞,0
654,助詞,1
655,名詞,3
656,名詞,0
657,動詞,3
658,動詞,0
659,名詞,2
660,連体詞,0
661,名詞,1
662,助詞,0
663,名詞,1
664,動詞,1
665,助詞,0
666,名詞,3
667,連体詞,0
668,助詞,0
669,助動詞,0
670,形容詞,1
671,助詞,0
672,名詞,3
673,助詞,0
674,名詞,1
675,助動詞,1
676,動詞,0
677,助動詞,10
678,感動詞,1
679,接続詞,1
680,名詞,1
681,接続詞,1
682,名詞,0
683,助詞,1
684,名詞,0
685,助詞,0
686,動詞,1
687,助詞,0
688,助詞,1
689,動詞,0
690,接続詞,1
691,動詞,0
692,接続詞,0
693,代名詞,1
694,代名詞,2
695,接続詞,1
696,名詞,1
697,連体詞,1
698,助動詞,0
699,動詞,2
700,助詞,0
701,助詞,1
702,名詞,3
703,名詞,0
704,助詞,1
705,名詞,0
706,助詞,0
707,助動詞,0
708,動詞,2
709,助詞,1
710,名詞,0
711,接続詞,1
712,名詞,3
713,名詞,0
714,助詞,0
715,助動詞,0
716,助動詞,1
717,動詞,0
718,助詞,1
719,助詞,0
720,名詞,0
721,名詞,2
722,助動詞,1
723,動詞,0
724,助詞,0
725,名詞,1
726,助詞,0
727,名詞,1
728,助詞,1
729,助詞,0
730,動詞,2
731,助詞,0
732,名詞,1
733,助詞,1
734,助詞,0
735,動詞,2
736,助詞,0
737,接続詞,1
738,代名詞,1
739,助動詞,00
740,動詞,1
741,助詞,0
742,助詞,0
743,動詞,2
744,動詞,1
745,助詞,0
746,名詞,1
747,名詞,1
748,名詞,0
749,助詞,1
750,名詞,0
751,助詞,0
752,名詞,1
753,助詞,1
754,助詞,0
755,動詞,2
756,助詞,0
757,接続詞,1
758,代名詞,1
759,助動詞,00
760,動詞,1
761,助詞,0
762,助詞,0
763,動詞,2
764,動詞,1
765,助詞,0
766,名詞,1
767,名詞,1
768,名詞,0
769,助詞,1
770,名詞,0
771,助動詞,000
772,動詞,2
773,動詞,1
774,接続詞,0
775,名詞,3
776,助詞,1
777,助詞,0
778,名詞,3
779,感動詞,1
780,動詞,2
781,動詞,1
782,名詞,0
783,助詞,1
784,動詞,0
785,助詞,0
786,助動詞,10
787,動詞,2
788,助詞,0
789,名詞,1
790,助詞,1
791,助詞,0
792,動詞,2
793,助詞,0
794,助詞,1
795,代名詞,0
796,助詞,0
797,名詞,1
798,助詞,1
799,助詞,1
800,助詞,0
801,助詞,0
802,動詞,2
803,動詞,1
804,助詞,0
805,名詞,1
806,名詞,1
807,名詞,0
808,名詞,1
809,名詞,3
810,接続詞,1
811,助動詞,0
812,名詞,2
813,助動詞,0
814,接続詞,1
815,動詞,0
816,助詞,1
817,名詞,0
818,接続詞,1
819,名詞,1
820,動詞,1
821,名詞,0
822,名詞,1
823,動詞,3
824,助詞,0
825,名詞,1
826,連体詞,0
827,助詞,0
828,形容詞,1
829,助詞,1
830,助詞,0
831,副詞,2
832,助詞,1
833,名詞,0
834,形状詞,0
835,名詞,1
836,副詞,3
837,副詞,2
838,助詞,0
839,助詞,0
840,動詞,2
841,動詞,1
842,助詞,0
843,名詞,1
844,名詞,1
845,名詞,0
846,動詞,1
847,助詞,1
848,名詞,0
849,助詞,1
850,助詞,0
851,名詞,1
852,助詞,1
853,助詞,1
854,助詞,0
855,助詞,0
856,名詞,2
857,名詞,3
858,動詞,1
859,接続詞,0
860,名詞,0
861,助詞,1
862,助詞,0
863,名詞,1
864,助詞,1
865,助詞,0
866,名詞,1
867,名詞,3
868,形容詞,3
869,名詞,3
870,名詞,0
871,名詞,2
872,助詞,0
873,名詞,1
874,動詞,3
875,助詞,1
876,名詞,0
877,助詞,0
878,接続詞,1
879,名詞,0
880,名詞,1
881,連体詞,1
882,助動詞,1
883,名詞,1
884,助詞,1
885,副詞,0
886,動詞,0
887,動詞,2
888,助詞,0
889,助動詞,0
890,名詞,2
891,形容詞,2
892,動詞,1
893,名詞,1
894,接続詞,0
895,名詞,1
896,名詞,1
897,名詞,1
898,助詞,0
899,名詞,1
900,助詞,0
901,名詞,2
902,名詞,3
903,形容詞,3
904,接続詞,0
905,名詞,1
906,名詞,1
907,名詞,2
908,名詞,3
909,助詞,0
910,名詞,1
911,助詞,0
912,名詞,3
913,動詞,2
914,接続詞,1
915,助動詞,1
916,名詞,2
917,接続詞,1
918,動詞,0
919,助動詞,1
920,名詞,1
921,助詞,0
922,助詞,1
923,名詞,4
924,名詞,0
925,助詞,0
926,名詞,2
927,形容詞,3
928,接続詞,1
929,動詞,1
930,動詞,0
931,名詞,1
932,助詞,0
933,名詞,4
934,名詞,3
935,形容詞,3
936,名詞,1
937,名詞,1
938,助詞,0
939,助詞,0
940,名詞,1
941,名詞,2
942,助動詞,1
943,動詞,0
944,助動詞,1
945,名詞,1
946,接続詞,0
947,名詞,2
948,助詞,0
949,名詞,1
950,助動詞,0
951,助動詞,1
952,名詞,1
953,接続詞,0
954,名詞,1
955,名詞,2
956,助詞,0
957,助動詞,1
958,助動詞,1
959,名詞,3
960,名詞,0
961,助詞,1
962,名詞,0
963,助詞,1
964,代名詞,0
965,助詞,0
966,名詞,1
967,動詞,0
968,助詞,0
969,感動詞,1
970,名詞,0
971,名詞,1
972,名詞,2
973,名詞,3
974,助詞,0
975,名詞,2
976,助詞,0
977,名詞,2
978,動詞,2
979,助詞,1
980,名詞,0
981,助詞,0
982,名詞,4
983,名詞,1
984,助詞,0
985,助詞,0
986,代名詞,1
987,代名詞,2
988,名詞,0
989,助詞,0
990,助詞,0
991,代名詞,1
992,代名詞,2
993,助動詞,1
994,動詞,0
995,接続詞,1
996,名詞,3
997,動詞,4
998,動詞,0
999,名詞,1
1000,接続詞,0
1001,名詞,1
1002,助詞,0
1003,名詞,1
1004,助詞,0
1005,助動詞,10
1006,動詞,0
1007,動詞,1
1008,副詞,1
1009,副詞,0
1010,副詞,0
1011,動詞,0
1012,助詞,0
1013,名詞,1
1014,助詞,0
1015,接続詞,1
1016,形容詞,2
1017,形容詞,0
1018,名詞,3
1019,助詞,0
1020,名詞,1
1021,助詞,0
1022,名詞,1
1023,助詞,0
1024,名詞,2
1025,動詞,0
1026,名詞,0
1027,助詞,1
1028,名詞,0
1029,助詞,1
1030,名詞,0
1031,代名詞,1
1032,代名詞,2
1033,形容詞,1
1034,動詞,2
1035,助詞,1
1036,助詞,0
1037,代名詞,2
1038,助詞,1
1039,名詞,0
1040,助詞,0
1041,副詞,1
1042,動詞,3
1043,助詞,0
1044,名詞,1
1045,副詞,0
1046,接続詞,1
1047,形容詞,0
1048,助詞,1
1049,助詞,0
1050,助詞,0
1051,助詞,1
1052,名詞,4
1053,名詞,0
1054,助詞,0
1055,名詞,1
1056,助詞,0
1057,名詞,2
1058,助動詞,0
1059,名詞,1
1060,助詞,1
1061,助詞,0
1062,名詞,0
1063,名詞,1
1064,名詞,3
1065,助詞,0
1066,名詞,2
1067,助詞,0
1068,名詞,2
1069,接続詞,1
1070,動詞,0
1071,助詞,0
1072,助詞,1
1073,名詞,1
1074,名詞,0
1075,助詞,0
1076,助動詞,10
1077,動詞,4
1078,動詞,0
1079,名詞,1
1080,連体詞,1
1081,接続詞,0
1082,代名詞,0
1083,接続詞,1
1084,助動詞,0
1085,助詞,0
1086,助動詞,0
1087,名詞,1
1088,助詞,0
1089,名詞,3
1090,形状詞,0
1091,動詞,0
1092,接続詞,1
1093,副詞,1
1094,助詞,0
1095,名詞,1
1096,助詞,0
1097,名詞,2
1098,接続詞,0
1099,助詞,0
1100,助動詞,1
1101,助詞,0
1102,名詞,1
1103,感動詞,1
1104,助詞,0
1105,助詞,1
1106,助詞,1
1107,助詞,0
1108,助詞,0
1109,助詞,1
1110,形容詞,3
1111,形容詞,0
1112,接頭辞,1
1113,接続詞,1
1114,形容詞,1
1115,助動詞,0
1116,助詞,0
1117,名詞,4
1118,動詞,0
1119,接頭辞,1
1120,接続詞,1
1121,動詞,2
1122,動詞,0
1123,助詞,0
1124,助詞,0
1125,名詞,2
1126,名詞,3
1127,助動詞,1
1128,動詞,2
1129,名詞,0
1130,形状詞,1
1131,助動詞,1
1132,名詞,1
1133,形状詞,1
1134,名詞,1
1135,名詞,0
1136,動詞,2
1137,助詞,0
1138,接続詞,1
1139,動詞,0
1140,助詞,0
1141,名詞,2
1142,名詞,1
1143,助動詞,1
1144,動詞,0
1145,助詞,0
1146,名詞,1
1147,名詞,1
1148,助詞,0
1149,名詞,1
1150,名詞,3
1151,名詞,1
1152,名詞,1
1153,連体詞,0
1154,助動詞,10
1155,動詞,0
1156,助詞,0
1157,名詞,1
1158,助詞,0
1159,名詞,4
1160,動詞,0
1161,助詞,0
1162,名詞,1
1163,連体詞,1
1164,形状詞,1
1165,形容詞,0
1166,形状詞,1
1167,接尾辞,1
1168,名詞,1
1169,名詞,1
1170,助詞,0
1171,名詞,1
1172,助詞,0
1173,名詞,1
1174,動詞,2
1175,助詞,1
1176,名詞,0
1177,助詞,0
1178,助詞,1
1179,名詞,1
1180,名詞,0
1181,接頭辞,1
1182,助動詞,1
1183,動詞,0
1184,動詞,2
1185,助詞,0
1186,名詞,1
1187,接続詞,1
1188,副詞,1
1189,副詞,0
1190,助詞,0
1191,名詞,2
1192,接続詞,0
1193,名詞,1
1194,助詞,0
1195,名詞,2
1196,助動詞,1
1197,名詞,3
1198,接続詞,1
1199,名詞,2
1200,名詞,0
1201,形状詞,1
1202,助動詞,0
1203,名詞,1
1204,形状詞,1
1205,名詞,1
1206,動詞,1
1207,動詞,0
1208,助詞,1
1209,名詞,0
1210,接続詞,0
1211,名詞,1
1212,形容詞,0
1213,副詞,0
1214,感動詞,1
1215,助詞,0
1216,名詞,1
1217,助詞,0
1218,代名詞,2
1219,助詞,0
1220,名詞,1
1221,形容詞,1
1222,助動詞,0
1223,助詞,0
1224,名詞,3
1225,助詞,1
1226,代名詞,0
1227,助詞,0
1228,名詞,1
1229,動詞,3
1230,動詞,0
1231,名詞,3
1232,副詞,1
1233,名詞,0
1234,動詞,1
1235,形容詞,2
1236,感動詞,1
1237,名詞,1
1238,助詞,0
1239,助詞,0
1240,名詞,2
1241,名詞,3
1242,副詞,0
1243,動詞,2
1244,動詞,0
1245,助詞,0
1246,名詞,1
1247,接続詞,1
1248,名詞,2
1249,名詞,0
1250,名詞,2
1251,名詞,1
1252,助詞,0
1253,名詞,2
1254,名詞,0
1255,助詞,1
1256,名詞,0
1257,形状詞,1
1258,動詞,2
1259,接続詞,0
1260,名詞,1
1261,助詞,1
1262,助詞,0
1263,助動詞,0
1264,副詞,1
1265,動詞,3
1266,接続詞,1
1267,動詞,3
1268,助詞,0
1269,名詞,2
1270,助詞,0
1271,名詞,1
1272,接続詞,1
1273,動詞,0
1274,名詞,0
1275,助詞,0
1276,名詞,1
1277,助詞,1
1278,助詞,0
1279,助動詞,1
1280,動詞,0
1281,接続詞,1
1282,名詞,2
1283,助詞,0
1284,名詞,1
1285,助動詞,0
1286,接続詞,1
1287,名詞,0
1288,助詞,1
1289,形状詞,0
1290,助動詞,0
1291,動詞,1
1292,助詞,1
1293,形状詞,0
1294,助詞,0
1295,形容詞,3
1296,接続詞,0
1297,名詞,3
1298,助動詞,1
1299,名詞,1
1300,副詞,0
1301,動詞,0
1302,助詞,0
1303,名詞,1
1304,接続詞,1
1305,動詞,0
1306,助詞,0
1307,名詞,1
1308,助詞,0
1309,名詞,2
1310,名詞,3
1311,名詞,0
1312,助詞,0
1313,名詞,1
1314,名詞,2
1315,助詞,0
1316,助詞,0
1317,名詞,2
1318,名詞,1
1319,名詞,0
1320,助詞,1
1321,代名詞,0
1322,動詞,1
1323,助詞,1
1324,名詞,0
1325,助詞,0
1326,名詞,1
1327,名詞,0
1328,接続詞,1
1329,動詞,0
1330,助詞,1
1331,代名詞,0
1332,動詞,1
1333,接続詞,1
1334,動詞,0
1335,副詞,0
1336,動詞,2
1337,助詞,1
1338,代名詞,0
1339,接続詞,1
1340,名詞,2
1341,助詞,0
1342,名詞,1
1343,形容詞,1
1344,動詞,0
1345,助詞,1
1346,代名詞,0
1347,動詞,0
1348,名詞,0
1349,名詞,2
1350,名詞,3
1351,助動詞,10
1352,動詞,0
1353,助詞,0
1354,助詞,0
1355,代名詞,1
1356,代名詞,2
1357,接続詞,1
1358,動詞,1
1359,助詞,0
1360,名詞,1
1361,動詞,0
1362,副詞,1
1363,助詞,0
1364,形容詞,1
1365,副詞,0
1366,副詞,1
1367,助詞,0
1368,接続詞,1
1369,形容詞,0
1370,動詞,2
1371,動詞,0
1372,接続詞,0
1373,名詞,2
1374,代名詞,1
1375,代名詞,2
1376,形状詞,0
1377,名詞,0
1378,助詞,0
1379,接続詞,1
1380,動詞,2
1381,助詞,0
1382,接続詞,1
1383,動詞,2
1384,名詞,0
1385,名詞,0
1386,名詞,2
1387,名詞,3
1388,名詞,2
1389,助詞,1
1390,名詞,0
1391,名詞,1
1392,名詞,2
1393,名詞,3
1394,動詞,0
1395,名詞,0
1396,名詞,2
1397,名詞,3
1398,助動詞,10
1399,動詞,0
1400,助詞,0
1401,助詞,0
1402,代名詞,1
1403,代名詞,2
1404,接続詞,1
1405,動詞,1
1406,助詞,0
1407,名詞,1
1408,動詞,0
1409,副詞,1
1410,助詞,0
1411,形容詞,1
1412,副詞,0
1413,副詞,1
1414,助詞,0
1415,接続詞,1
1416,形容詞,0
1417,動詞,2
1418,動詞,0
1419,接続詞,0
1420,名詞,2
1421,代名詞,1
1422,代名詞,2
1423,形状詞,0
1424,名詞,0
1425,助詞,0
1426,接続詞,1
1427,動詞,2
1428,助詞,0
1429,接続詞,1
1430,動詞,2
1431,名詞,1
1432,名詞,0
1433,名詞,3
1434,名詞,0
1435,名詞,1
1436,名詞,1
1437,名詞,3
1438,名詞,2
1439,名詞,1
1440,形容詞,4
1441,名詞,0
1442,助詞,0
1443,接続詞,1
1444,名詞,1
1445,接続詞,1
1446,形容詞,2
1447,助詞,0
1448,助動詞,0
1449,動詞,1
1450,接続詞,1
1451,名詞,3
1452,名詞,1
1453,名詞,1
1454,助詞,0
1455,名詞,1
1456,助動詞,0
1457,動詞,2
1458,助詞,0
1459,動詞,3
1460,副詞,0
1461,動詞,0
1462,助詞,0
1463,名詞,1
1464,動詞,0
1465,名詞,0
1466,名詞,2
1467,名詞,3
1468,助動詞,10
1469,動詞,0
1470,助詞,0
1471,助詞,0
1472,代名詞,1
1473,代名詞,2
1474,名詞,3
1475,助詞,0
1476,名詞,1
1477,動詞,0
1478,副詞,1
1479,助詞,0
1480,形容詞,1
1481,副詞,0
1482,副詞,1
1483,助詞,0
1484,接続詞,1
1485,接続詞,0
1486,代名詞,1
1487,動詞,0
1488,接続詞,0
1489,名詞,2
1490,代名詞,1
1491,代名詞,2
1492,助詞,1
1493,助詞,0
1494,名詞,0
1495,名詞,2
1496,助詞,0
1497,名詞,1
1498,動詞,2
1499,名詞,0
1500,名詞,4
1501,名詞,0
1502,接続詞,1
1503,動詞,3
1504,名詞,0
1505,助動詞,00
1506,形容詞,1
1507,接続詞,1
1508,名詞,0
1509,助詞,0
1510,助詞,0
1511,代名詞,1
1512,代名詞,2
1513,助動詞,1
1514,助動詞,10
1515,動詞,1
1516,助詞,1
1517,助詞,0
1518,代名詞,2
1519,助動詞,0
1520,副詞,1
1521,動詞,0
1522,助詞,0
1523,助詞,0
1524,代名詞,1
1525,代名詞,2
1526,助詞,0
1527,助動詞,0
1528,代名詞,1
1529,接続詞,0
1530,名詞,0
1531,名詞,3
1532,形容詞,1
1533,動詞,1
1534,名詞,3
1535,助動詞,10
1536,名詞,0
1537,接続詞,1
1538,副詞,1
1539,接続詞,1
1540,助動詞,0
1541,名詞,2
1542,助動詞,0
1543,動詞,5
1544,助詞,0
1545,形容詞,1
1546,動詞,3
1547,助詞,1
1548,助詞,0
1549,形容詞,1
1550,助詞,0
1551,形容詞,1
1552,助詞,0
1553,接続詞,1
1554,動詞,0
1555,助詞,0
1556,接続詞,1
1557,名詞,1
1558,助詞,0
1559,名詞,1
1560,助詞,0
1561,接続詞,1
1562,動詞,0
1563,助詞,0
1564,接続詞,1
1565,助詞,0
1566,名詞,1
1567,助動詞,1
1568,助動詞,1
1569,動詞,0
1570,助詞,0
1571,助詞,1
1572,名詞,3
1573,名詞,0
1574,助詞,0
1575,名詞,1
1576,助詞,0
1577,助詞,1
1578,名詞,2
1579,名詞,0
1580,動詞,0
1581,名詞,3
1582,名詞,1
1583,助詞,0
1584,名詞,1
1585,助詞,0
1586,代名詞,1
1587,助詞,1
1588,名詞,0
1589,助動詞,00
1590,動詞,1
1591,代名詞,1
1592,代名詞,2
1593,接続詞,1
1594,名詞,2
1595,助詞,0
1596,名詞,1
1597,助詞,1
1598,助詞,0
1599,形容詞,1
1600,助詞,0
1601,形容詞,1
1602,助動詞,10
1603,名詞,0
1604,接続詞,1
1605,動詞,3
1606,名詞,0
1607,助詞,0
1608,助詞,0
1609,代名詞,1
1610,代名詞,2
1611,助詞,0
1612,形容詞,2
1613,接続詞,1
1614,接続詞,1
1615,動詞,1
1616,助詞,0
1617,名詞,2
1618,動詞,0
1619,助詞,0
1620,名詞,2
1621,動詞,1
1622,動詞,2
1623,動詞,0
1624,副詞,0
1625,助動詞,1
1626,名詞,2
1627,助動詞,1
1628,名詞,1
1629,動詞,0
1630,助詞,0
1631,名詞,1
1632,助詞,0
1633,名詞,1
1634,動詞,2
1635,接続詞,1
1636,名詞,1
1637,名詞,2
1638,助詞,0
1639,名詞,2
1640,名詞,3
1641,助詞,0
1642,助詞,0
1643,代名詞,1
1644,代名詞,2
1645,助詞,1
1646,助詞,0
1647,形容詞,1
1648,助詞,0
1649,形容詞,1
1650,名詞,1
1651,名詞,2
1652,名詞,1
1653,名詞,0
1654,助動詞,1
1655,動詞,0
1656,接続詞,1
1657,動詞,3
1658,助詞,0
1659,名詞,3
1660,形状詞,0
1661,動詞,0
1662,接続詞,1
1663,動詞,1
1664,接続詞,0
1665,名詞,0
1666,助動詞,1
1667,助動詞,1
1668,動詞,0
1669,助詞,0
1670,助詞,0
1671,名詞,1
1672,名詞,2
1673,連体詞,0
1674,名詞,5
1675,形容詞,1
1676,動詞,0
1677,名詞,1
1678,形容詞,1
1679,動詞,0
1680,名詞,1
1681,助詞,1
1682,助詞,0
1683,名詞,1
1684,代名詞,0
1685,代名詞,1
1686,代名詞,2
1687,感動詞,1
1688,名詞,1
1689,動詞,1
1690,動詞,2
1691,動詞,0
1692,名詞,2
1693,名詞,1
1694,動詞,0
1695,名詞,1
1696,動詞,0
1697,助動詞,110
1698,動詞,1
1699,接続詞,1
1700,助動詞,1
1701,名詞,2
1702,名詞,0
1703,名詞,1
1704,副詞,0
1705,動詞,2
1706,接続詞,0
1707,代名詞,1
1708,代名詞,2
1709,形容詞,1
1710,動詞,0
1711,助詞,0
1712,代名詞,1
1713,名詞,5
1714,形容詞,1
1715,動詞,0
1716,名詞,1
1717,形容詞,1
1718,動詞,0
1719,名詞,1
1720,名詞,1
1721,形容詞,3
1722,形容詞,0
1723,代名詞,0
1724,代名詞,1
1725,代名詞,2
1726,接続詞,1
1727,名詞,1
1728,助詞,0
1729,名詞,1
1730,助詞,1
1731,名詞,0
1732,名詞,1
1733,動詞,1
1734,助詞,1
1735,名詞,0
1736,動詞,1
1737,助詞,0
1738,名詞,1
1739,形状詞,0
1740,助動詞,1
1741,動詞,0
1742,接続詞,1
1743,名詞,3
1744,接続詞,1
1745,動詞,0
1746,動詞,2
1747,助詞,0
1748,名詞,2
1749,名詞,5
1750,形容詞,1
1751,動詞,0
1752,名詞,1
1753,形容詞,1
1754,動詞,0
1755,名詞,1
1756,名詞,0
1757,名詞,1
1758,代名詞,0
1759,代名詞,1
1760,代名詞,2
1761,名詞,0
1762,名詞,1
1763,助詞,0
1764,名詞,3
1765,感動詞,1
1766,動詞,0
1767,接続詞,1
1768,助動詞,0
1769,名詞,1
1770,助詞,1
1771,名詞,0
1772,動詞,0
1773,接続詞,0
1774,名詞,0
1775,名詞,1
1776,形状詞,0
1777,助動詞,0
1778,感動詞,1
1779,接続詞,1
1780,助動詞,1
1781,動詞,0
1782,接続詞,1
1783,名詞,0
1784,動詞,0
1785,副詞,3
1786,副詞,1
1787,接続詞,0
1788,名詞,1
1789,助詞,0
1790,名詞,1
1791,助詞,1
1792,名詞,0
1793,形状詞,1
1794,形容詞,3
1795,名詞,1
1796,名詞,2
1797,名詞,0
1798,動詞,0
1799,助詞,1
1800,代名詞,0
1801,代名詞,1
1802,代名詞,2
1803,代名詞,1
1804,代名詞,2
1805,名詞,2
1806,形容詞,1
1807,接続詞,1
1808,名詞,0
1809,助詞,0
1810,名詞,2
1811,助詞,0
1812,動詞,2
1813,助詞,0
1814,名詞,3
1815,助動詞,1
1816,動詞,2
1817,動詞,0
1818,動詞,0
1819,接続詞,0
1820,名詞,0
1821,助詞,0
1822,名詞,3
1823,助詞,0
1824,名詞,1
1825,名詞,3
1826,助詞,0
1827,名詞,3
1828,助詞,0
1829,接続詞,1
1830,名詞,0
1831,助詞,0
1832,名詞,1
1833,名詞,2
1834,名詞,0
1835,助動詞,10
1836,名詞,1
1837,接続詞,1
1838,動詞,2
1839,動詞,3
1840,動詞,0
1841,代名詞,1
1842,代名詞,2
1843,代名詞,1
1844,代名詞,2
1845,助詞,1
1846,助詞,0
1847,助動詞,1
1848,動詞,0
1849,助詞,1
1850,代名詞,0
1851,接続詞,1
1852,動詞,1
1853,助詞,1
1854,助詞,0
1855,形容詞,3
1856,助動詞,0
1857,助動詞,1
1858,動詞,1
1859,助詞,1
1860,形状詞,0
1861,名詞,1
1862,名詞,0
1863,名詞,2
1864,名詞,3
1865,接続詞,1
1866,動詞,0
1867,助詞,0
1868,助詞,0
1869,名詞,3
1870,名詞,1
1871,助詞,1
1872,名詞,0
1873,名詞,2
1874,名詞,0
1875,助動詞,0
1876,動詞,1
1877,名詞,2
1878,名詞,0
1879,助詞,0
1880,名詞,1
1881,形容詞,3
1882,形容詞,0
1883,代名詞,1
1884,代名詞,2
1885,代名詞,1
1886,代名詞,2
1887,助詞,1
1888,助詞,0
1889,動詞,0
1890,動詞,3
1891,助詞,0
1892,名詞,2
1893,助詞,0
1894,代名詞,2
1895,助詞,0
1896,名詞,3
1897,動詞,3
1898,助詞,1
1899,名詞,0
1900,助動詞,10
1901,名詞,3
1902,動詞,1
1903,動詞,1
1904,助詞,0
1905,名詞,3
1906,助詞,1
1907,名詞,0
1908,助詞,0
1909,名詞,1
1910,接続詞,1
1911,名詞,0
1912,助詞,0
1913,名詞,1
1914,動詞,2
1915,動詞,0
1916,接続詞,0
1917,名詞,0
1918,助詞,1
1919,名詞,0
1920,助詞,0
1921,助動詞,1
1922,名詞,0
1923,助動詞,1
1924,動詞,0
1925,助詞,1
1926,助詞,0
1927,動詞,1
1928,助詞,0
1929,代名詞,1
1930,助動詞,10
1931,名詞,3
1932,動詞,3
1933,助詞,0
1934,名詞,1
1935,形容詞,3
1936,形容詞,0
1937,名詞,0
1938,動詞,1
1939,接続詞,1
1940,動詞,0
1941,接続詞,0
1942,名詞,0
1943,助詞,0
1944,形容詞,1
1945,助動詞,0
1946,助詞,1
1947,動詞,0
1948,助詞,0
1949,接続詞,1
1950,形容詞,1
1951,動詞,0
1952,助動詞,00
1953,名詞,2
1954,助動詞,10
1955,動詞,1
1956,助詞,0
1957,名詞,1
1958,助詞,0
1959,感動詞,1
1960,接続詞,1
1961,動詞,2
1962,助詞,0
1963,助詞,0
1964,名詞,2
1965,名詞,3
1966,助詞,0
1967,助詞,0
1968,名詞,1
1969,名詞,2
1970,動詞,1
1971,接続詞,0
1972,名詞,0
1973,助詞,1
1974,名詞,0
1975,接頭辞,1
1976,接続詞,1
1977,副詞,1
1978,助詞,0
1979,接続詞,1
1980,動詞,2
1981,接続詞,1
1982,名詞,0
1983,名詞,1
1984,助詞,0
1985,名詞,2
1986,動詞,2
1987,感動詞,1
1988,助詞,0
1989,名詞,1
1990,名詞,2
1991,助詞,0
1992,名詞,2
1993,助詞,0
1994,接続詞,1
1995,動詞,1
1996,名詞,3
1997,名詞,1
1998,助詞,1
1999,名詞,0
2000,感動詞,0
2001,助詞,0
2002,接続詞,1
2003,名詞,0
2004,助詞,0
2005,接続詞,1
2006,名詞,0
2007,助詞,0
2008,助動詞,10
2009,動詞,0
2010,接続詞,1
2011,動詞,1
2012,動詞,1
2013,助詞,1
2014,助詞,0
2015,名詞,0
2016,名詞,1
2017,名詞,1
2018,助詞,0
2019,名詞,2
2020,感動詞,1
2021,名詞,1
2022,副詞,1
2023,名詞,1
2024,助詞,0
2025,名詞,2
2026,形容詞,1
2027,動詞,0
2028,助詞,0
2029,名詞,3
2030,名詞,2
2031,助詞,0
2032,名詞,2
2033,形容詞,3
2034,形容詞,0
2035,名詞,1
2036,名詞,1
2037,助詞,1
2038,名詞,0
2039,感動詞,0
2040,助動詞,1
2041,動詞,0
2042,助動詞,1
2043,動詞,0
2044,名詞,0
2045,動詞,3
2046,接続詞,1
2047,代名詞,1
2048,名詞,1
2049,助詞,0
2050,名詞,2
2051,助詞,1
2052,名詞,0
2053,助動詞,1
2054,動詞,0
2055,名詞,1
2056,助詞,0
2057,名詞,2
2058,形容詞,3
2059,接続詞,1
2060,動詞,1
2061,名詞,2
2062,助詞,0
2063,名詞,2
2064,助詞,0
2065,接続詞,1
2066,動詞,1
2067,形容詞,0
2068,名詞,1
2069,助詞,1
2070,名詞,0
2071,感動詞,0
2072,助詞,0
2073,接続詞,1
2074,動詞,1
2075,助詞,0
2076,接続詞,1
2077,動詞,1
2078,助詞,0
2079,助動詞,10
2080,動詞,2
2081,接続詞,0
2082,名詞,3
2083,代名詞,1
2084,代名詞,2
2085,接続詞,1
2086,動詞,0
2087,動詞,2
2088,接続詞,1
2089,名詞,1
2090,助詞,1
2091,名詞,0
2092,名詞,3
2093,接続詞,1
2094,助動詞,10
2095,動詞,0
2096,接続詞,1
2097,助動詞,10
2098,動詞,0
2099,助詞,0
2100,助詞,1
2101,名詞,2
2102,名詞,0
2103,連体詞,0
2104,接続詞,1
2105,動詞,1
2106,助詞,1
2107,助詞,0
2108,動詞,1
2109,副詞,1
2110,形容詞,1
2111,助動詞,10
2112,名詞,3
2113,接続詞,1
2114,形容詞,1
2115,接続詞,1
2116,名詞,2
2117,形容詞,1
2118,接続詞,0
2119,名詞,1
2120,助詞,0
2121,副詞,1
2122,動詞,0
2123,動詞,3
2124,助詞,0
2125,名詞,2
2126,連体詞,0
2127,助動詞,1
2128,名詞,2
2129,副詞,1
2130,名詞,0
2131,助詞,0
2132,名詞,2
2133,助詞,0
2134,名詞,1
2135,接続詞,1
2136,形容詞,1
2137,助動詞,0
2138,名詞,0
2139,形状詞,0
2140,代名詞,1
2141,代名詞,2
2142,助動詞,10
2143,名詞,3
2144,助詞,0
2145,名詞,2
2146,副詞,0
2147,動詞,1
2148,代名詞,0
2149,助詞,0
2150,助動詞,1
2151,助詞,0
2152,助動詞,1
2153,名詞,0
2154,助詞,0
2155,名詞,1
2156,動詞,0
2157,助詞,1
2158,名詞,0
2159,形容詞,1
2160,接続詞,1
2161,動詞,0
2162,助詞,0
2163,形容詞,1
2164,感動詞,1
2165,代名詞,1
2166,接続詞,1
2167,動詞,1
2168,形容詞,3
2169,名詞,1
2170,動詞,1
2171,名詞,2
2172,名詞,3
2173,名詞,0
2174,形状詞,0
2175,助動詞,1
2176,動詞,0
2177,名詞,1
2178,名詞,1
2179,名詞,0
2180,名詞,1
2181,接続詞,1
2182,形容詞,4
2183,助詞,0
2184,接続詞,1
2185,動詞,2
2186,副詞,1
2187,副詞,0
2188,助詞,0
2189,助詞,1
2190,名詞,2
2191,名詞,0
2192,連体詞,0
2193,助動詞,1
2194,動詞,0
2195,助詞,1
2196,代名詞,0
2197,接続詞,1
2198,助動詞,10
2199,動詞,0
2200,助詞,0
2201,助詞,1
2202,名詞,2
2203,名詞,0
2204,連体詞,0
2205,接続詞,1
2206,動詞,1
2207,助詞,1
2208,助詞,0
2209,動詞,1
2210,副詞,1
2211,形容詞,1
2212,助動詞,10
2213,名詞,3
2214,接続詞,1
2215,形容詞,1
2216,接続詞,1
2217,名詞,2
2218,形容詞,1
2219,接続詞,0
2220,名詞,1
2221,助詞,0
2222,副詞,1
2223,動詞,0
2224,動詞,3
2225,助詞,0
2226,名詞,2
2227,連体詞,0
2228,助動詞,1
2229,名詞,2
2230,副詞,1
2231,名詞,0
2232,助詞,0
2233,名詞,2
2234,助詞,0
2235,名詞,1
2236,動詞,3
2237,接続詞,1
2238,名詞,3
2239,代名詞,0
2240,形状詞,0
2241,動詞,1
2242,形容詞,5
2243,助詞,0
2244,名詞,1
2245,副詞,0
2246,動詞,1
2247,接続詞,1
2248,動詞,0
2249,動詞,4
2250,助詞,0
2251,助詞,1
2252,名詞,2
2253,名詞,0
2254,連体詞,0
2255,助動詞,0
2256,名詞,3
2257,助詞,0
2258,名詞,2
2259,連体詞,1
2260,動詞,3
2261,接続詞,1
2262,形容詞,1
2263,動詞,0
2264,助詞,0
2265,接続詞,1
2266,名詞,2
2267,助詞,0
2268,形容詞,1
2269,感動詞,1
2270,助詞,0
2271,代名詞,2
2272,助詞,0
2273,助詞,1
2274,副詞,1
2275,副詞,0
2276,接続詞,1
2277,名詞,2
2278,連体詞,0
2279,助詞,1
2280,動詞,0
2281,助詞,0
2282,動詞,1
2283,接続詞,0
2284,代名詞,2
2285,形容詞,1
2286,助動詞,10
2287,名詞,3
2288,形容詞,1
2289,動詞,1
2290,助詞,0
2291,名詞,1
2292,名詞,4
2293,動詞,3
2294,接続詞,1
2295,助動詞,1
2296,動詞,1
2297,接続詞,1
2298,動詞,0
2299,助詞,1
2300,助詞,0
2301,名詞,0
2302,名詞,1
2303,助詞,1
2304,助詞,0
2305,名詞,0
2306,名詞,1
2307,名詞,1
2308,助詞,0
2309,名詞,1
2310,動詞,0
2311,接続詞,1
2312,動詞,1
2313,助詞,0
2314,名詞,2
2315,代名詞,0
2316,助詞,1
2317,助詞,1
2318,助詞,0
2319,助詞,0
2320,助詞,0
2321,助詞,1
2322,動詞,2
2323,動詞,3
2324,動詞,0
2325,助詞,1
2326,動詞,0
2327,接続詞,0
2328,代名詞,1
2329,代名詞,2
2330,助詞,1
2331,助詞,0
2332,動詞,2
2333,接続詞,1
2334,感動詞,1
2335,副詞,3
2336,副詞,0
2337,接続詞,0
2338,名詞,1
2339,助詞,0
2340,名詞,1
2341,助詞,1
2342,助詞,0
2343,動詞,1
2344,助詞,0
2345,代名詞,1
2346,助詞,0
2347,助詞,1
2348,代名詞,0
2349,形容詞,1
2350,名詞,0
2351,名詞,2
2352,助詞,0
2353,助詞,1
2354,名詞,2
2355,名詞,0
2356,形容詞,0
2357,形容詞,0
2358,助詞,0
2359,名詞,4
2360,助詞,0
2361,名詞,2
2362,助動詞,0
2363,名詞,3
2364,接続詞,1
2365,動詞,0
2366,助詞,0
2367,助動詞,0
2368,代名詞,1
2369,助詞,0
2370,形容詞,2
2371,接続詞,1
2372,接続詞,1
2373,動詞,1
2374,助詞,0
2375,名詞,1
2376,助詞,0
2377,代名詞,1
2378,助詞,1
2379,助詞,0
2380,助動詞,10
2381,名詞,0
2382,助詞,1
2383,動詞,0
2384,接続詞,1
2385,動詞,1
2386,助動詞,10
2387,動詞,1
2388,代名詞,1
2389,代名詞,2
2390,名詞,0
2391,名詞,1
2392,動詞,0
2393,助詞,0
2394,名詞,1
2395,接続詞,1
2396,助動詞,1
2397,助動詞,1
2398,名詞,2
2399,名詞,0
2400,形容詞,0
2401,形容詞,0
2402,助動詞,10
2403,動詞,1
2404,助詞,0
2405,助詞,0
2406,代名詞,1
2407,代名詞,2
2408,助詞,1
2409,助動詞,0
2410,動詞,2
2411,接続詞,1
2412,動詞,1
2413,助詞,1
2414,名詞,0
2415,名詞,2
2416,助詞,0
2417,代名詞,2
2418,助詞,1
2419,助詞,0
2420,動詞,4
2421,名詞,2
2422,助詞,0
2423,代名詞,2
2424,助詞,0
2425,助詞,1
2426,動詞,0
2427,助詞,0
2428,名詞,2
2429,助詞,0
2430,名詞,2
2431,助詞,0
2432,名詞,3
2433,助詞,0
2434,名詞,1
2435,助動詞,1
2436,動詞,0
2437,助詞,0
2438,名詞,1
2439,助詞,0
2440,名詞,4
2441,動詞,1
2442,接続詞,0
2443,名詞,1
2444,助動詞,11
2445,動詞,1
2446,助詞,0
2447,名詞,1
2448,助詞,1
2449,助詞,0
2450,名詞,3
2451,名詞,3
2452,名詞,0
2453,助詞,0
2454,助詞,1
2455,名詞,2
2456,名詞,0
2457,動詞,2
2458,助詞,0
2459,助詞,0
2460,名詞,2
2461,名詞,3
2462,助詞,0
2463,副詞,1
2464,助詞,0
2465,名詞,1
2466,接続詞,0
2467,名詞,1
2468,名詞,0
2469,助動詞,0
2470,助動詞,1
2471,動詞,3
2472,動詞,0
2473,名詞,2
2474,名詞,0
2475,助動詞,1
2476,動詞,0
2477,接続詞,1
2478,動詞,2
2479,助詞,0
2480,名詞,1
2481,助詞,0
2482,名詞,1
2483,助詞,1
2484,名詞,0
2485,助詞,0
2486,名詞,1
2487,助詞,0
2488,名詞,1
2489,動詞,1
2490,接続詞,0
2491,名詞,2
2492,助動詞,11
2493,名詞,0
2494,助詞,0
2495,名詞,3
2496,助詞,1
2497,助詞,0
2498,名詞,3
2499,名詞,3
2500,名詞,0
2501,助詞,0
2502,助詞,1
2503,名詞,2
2504,名詞,0
2505,動詞,0
2506,形容詞,3
2507,形容詞,0
2508,助詞,0
2509,助詞,1
2510,名詞,2
2511,名詞,0
2512,助詞,1
2513,名詞,0
2514,助詞,0
2515,名詞,1
2516,助動詞,0
2517,名詞,3
2518,接続詞,1
2519,動詞,0
2520,動詞,3
2521,助詞,1
2522,名詞,0
2523,助詞,0
2524,名詞,1
2525,助詞,0
2526,名詞,1
2527,助詞,0
2528,助詞,1
2529,名詞,2
2530,名詞,0
2531,動詞,1
2532,名詞,0
2533,名詞,1
2534,形容詞,1
2535,接続詞,0
2536,名詞,1
2537,名詞,0
2538,接続詞,1
2539,名詞,0
2540,形容詞,1
2541,接続詞,0
2542,形状詞,0
2543,副詞,0
2544,副詞,1
2545,動詞,2
2546,接続詞,0
2547,名詞,3
2548,形容詞,5
2549,助詞,1
2550,助詞,0
2551,名詞,3
2552,名詞,3
2553,名詞,0
2554,助詞,0
2555,助詞,1
2556,名詞,2
2557,名詞,0
2558,動詞,1
2559,接続詞,0
2560,名詞,1
2561,助動詞,11
2562,動詞,1
2563,助詞,0
2564,名詞,1
2565,助詞,1
2566,助詞,0
2567,名詞,3
2568,名詞,3
2569,名詞,0
2570,助詞,0
2571,助詞,1
2572,名詞,2
2573,名詞,0
2574,動詞,2
2575,助詞,0
2576,助詞,0
2577,名詞,2
2578,名詞,3
2579,助詞,0
2580,副詞,1
2581,助詞,0
2582,名詞,1
2583,接続詞,0
2584,名詞,1
2585,名詞,0
2586,助動詞,0
2587,助動詞,1
2588,動詞,3
2589,動詞,0
2590,名詞,2
2591,名詞,0
2592,助動詞,1
2593,動詞,0
2594,接続詞,1
2595,動詞,2
2596,助詞,0
2597,名詞,1
2598,助詞,0
2599,名詞,1
2600,助詞,1
2601,名詞,0
2602,助詞,0
2603,名詞,1
2604,助詞,0
2605,名詞,1
2606,形容詞,1
2607,接続詞,0
2608,名詞,1
2609,名詞,0
2610,助動詞,1
2611,形状詞,0
2612,助動詞,1
2613,名詞,1
2614,形容詞,1
2615,接続詞,0
2616,感動詞,1
2617,名詞,2
2618,名詞,0
2619,接頭辞,1
2620,副詞,0
2621,副詞,1
2622,動詞,2
2623,接続詞,0
2624,名詞,1
2625,助詞,0
2626,名詞,2
2627,形容詞,2
2628,助詞,1
2629,助詞,0
2630,名詞,3
2631,名詞,3
2632,名詞,0
2633,助詞,0
2634,助詞,1
2635,名詞,2
2636,名詞,0
2637,助詞,0
2638,助動詞,1
2639,名詞,0
2640,名詞,0
2641,助詞,1
2642,助詞,0
2643,名詞,1
2644,連体詞,0
2645,形容詞,0
2646,動詞,0
2647,接続詞,1
2648,動詞,2
2649,助詞,1
2650,名詞,0
2651,助詞,1
2652,名詞,0
2653,助詞,0
2654,名詞,1
2655,助詞,1
2656,名詞,0
2657,接続詞,1
2658,助動詞,10
2659,助動詞,1
2660,助詞,0
2661,助詞,1
2662,名詞,0
2663,助動詞,1
2664,名詞,1
2665,名詞,2
2666,助詞,1
2667,名詞,0
2668,助詞,0
2669,名詞,2
2670,副詞,0
2671,動詞,4
2672,助詞,0
2673,名詞,2
2674,助詞,0
2675,接続詞,1
2676,名詞,3
2677,名詞,3
2678,名詞,0
2679,名詞,0
2680,動詞,1
2681,助詞,1
2682,助詞,0
2683,名詞,0
2684,名詞,1
2685,助詞,0
2686,名詞,1
2687,副詞,0
2688,動詞,2
2689,助詞,1
2690,名詞,0
2691,助詞,1
2692,名詞,0
2693,助詞,0
2694,接続詞,1
2695,名詞,3
2696,動詞,3
2697,助詞,0
2698,代名詞,1
2699,助詞,0
2700,名詞,2
2701,動詞,1
2702,名詞,1
2703,接続詞,1
2704,動詞,0
2705,助詞,0
2706,名詞,1
2707,助詞,1
2708,名詞,0
2709,助詞,1
2710,助詞,0
2711,名詞,0
2712,名詞,1
2713,助詞,1
2714,助詞,0
2715,名詞,1
2716,助詞,1
2717,代名詞,0
2718,形容詞,2
2719,助詞,1
2720,助詞,0
2721,名詞,2
2722,接続詞,0
2723,形容詞,2
2724,助詞,0
2725,名詞,1
2726,名詞,0
2727,助詞,1
2728,名詞,0
2729,動詞,0
2730,接続詞,1
2731,動詞,1
2732,接続詞,1
2733,動詞,0
2734,助動詞,1
2735,名詞,0
2736,接続詞,0
2737,名詞,2
2738,助詞,0
2739,名詞,1
2740,助詞,1
2741,名詞,0
2742,助詞,0
2743,名詞,2
2744,助詞,0
2745,動詞,1
2746,接続詞,1
2747,動詞,1
2748,助詞,0
2749,動詞,1
2750,接続詞,1
2751,動詞,1
2752,助詞,0
2753,動詞,1
2754,接続詞,1
2755,動詞,1
2756,助動詞,1
2757,形状詞,1
2758,助詞,1
2759,形状詞,0
2760,助詞,1
2761,名詞,0
2762,連体詞,0
2763,助動詞,10
2764,助動詞,0
2765,助詞,1
2766,動詞,0
2767,動詞,0
2768,接続詞,1
2769,動詞,1
2770,助詞,1
2771,名詞,0
2772,接続詞,2
2773,助詞,0
2774,名詞,1
2775,接続詞,1
2776,接頭辞,1
2777,助詞,0
2778,名詞,1
2779,動詞,0
2780,助詞,0
2781,名詞,1
2782,連体詞,0
2783,形容詞,3
2784,助詞,0
2785,動詞,1
2786,接続詞,1
2787,動詞,1
2788,助詞,0
2789,動詞,1
2790,接続詞,1
2791,動詞,1
2792,助詞,0
2793,動詞,1
2794,接続詞,1
2795,動詞,1
2796,名詞,5
2797,名詞,0
2798,助詞,0
2799,名詞,1
2800,名詞,0
2801,助詞,1
2802,助詞,0
2803,助動詞,0
2804,形容詞,2
2805,助詞,1
2806,名詞,0
2807,助詞,1
2808,代名詞,0
2809,助詞,0
2810,名詞,1
2811,形容詞,3
2812,形容詞,0
2813,助詞,1
2814,名詞,0
2815,形容詞,4
2816,接続詞,0
2817,名詞,1
2818,助動詞,0
2819,動詞,1
2820,接続詞,1
2821,助詞,1
2822,名詞,0
2823,形容詞,2
2824,助詞,0
2825,動詞,1
2826,接続詞,1
2827,動詞,1
2828,助詞,0
2829,動詞,1
2830,接続詞,1
2831,動詞,1
2832,助詞,0
2833,動詞,1
2834,接続詞,1
2835,動詞,1
2836,助詞,0
2837,助動詞,1
2838,動詞,0
2839,接続詞,1
2840,名詞,0
2841,助詞,0
2842,名詞,1
2843,助動詞,0
2844,助動詞,1
2845,動詞,2
2846,動詞,0
2847,接続詞,1
2848,名詞,1
2849,助詞,1
2850,名詞,0
2851,助動詞,1
2852,助動詞,0
2853,動詞,0
2854,動詞,3
2855,形容詞,3
2856,助詞,0
2857,名詞,1
2858,連体詞,0
2859,副詞,0
2860,名詞,2
2861,名詞,0
2862,助詞,0
2863,名詞,1
2864,接続詞,1
2865,接頭辞,1
2866,助詞,0
2867,助動詞,1
2868,感動詞,1
2869,動詞,1
2870,接続詞,1
2871,動詞,1
2872,副詞,1
2873,副詞,0
2874,名詞,1
2875,助詞,0
2876,名詞,1
2877,助詞,0
2878,助詞,1
2879,代名詞,0
2880,接続詞,0
2881,代名詞,0
2882,助詞,0
2883,接続詞,1
2884,感動詞,1
2885,接続詞,1
2886,名詞,3
2887,助詞,0
2888,形状詞,1
2889,副詞,2
2890,副詞,0
2891,名詞,1
2892,助詞,0
2893,名詞,1
2894,助詞,0
2895,助詞,1
2896,代名詞,0
2897,接続詞,0
2898,代名詞,0
2899,助詞,0
2900,接続詞,1
2901,名詞,3
2902,形容詞,3
2903,形容詞,0
2904,助詞,0
2905,形状詞,1
2906,副詞,2
2907,副詞,0
2908,名詞,1
2909,助詞,0
2910,名詞,1
2911,接続詞,0
2912,代名詞,0
2913,助詞,0
2914,助詞,1
2915,代名詞,0
2916,名詞,1
2917,助詞,0
2918,名詞,1
2919,助詞,0
2920,助詞,1
2921,代名詞,0
2922,接続詞,0
2923,代名詞,0
2924,助詞,0
2925,接続詞,1
2926,形容詞,2
2927,接続詞,0
2928,名詞,0
2929,助詞,0
2930,形状詞,1
2931,副詞,2
2932,副詞,0
2933,助詞,0
2934,接続詞,1
2935,感動詞,1
2936,接続詞,1
2937,動詞,2
2938,助詞,0
2939,形状詞,1
2940,副詞,2
2941,副詞,0
2942,助詞,0
2943,動詞,2
2944,接続詞,0
2945,名詞,0
2946,名詞,1
2947,動詞,2
2948,助詞,0
2949,形容詞,3
2950,助詞,0
2951,動詞,1
2952,形容詞,0
2953,接続詞,1
2954,動詞,0
2955,助詞,0
2956,名詞,3
2957,助詞,0
2958,名詞,1
2959,助詞,1
2960,名詞,0
2961,助詞,0
2962,名詞,1
2963,名詞,3
2964,助詞,0
2965,助詞,1
2966,名詞,4
2967,名詞,0
2968,助詞,0
2969,名詞,3
2970,助詞,1
2971,代名詞,0
2972,名詞,0
2973,助詞,0
2974,名詞,2
2975,助詞,0
2976,名詞,1
2977,動詞,0
2978,名詞,2
2979,助詞,0
2980,動詞,3
2981,助詞,0
2982,名詞,3
2983,助詞,0
2984,名詞,2
2985,助動詞,000
2986,動詞,2
2987,助詞,0
2988,接続詞,1
2989,名詞,0
2990,名詞,1
2991,動詞,2
2992,助詞,1
2993,助詞,0
2994,代名詞,1
2995,助動詞,1
2996,助動詞,0
2997,感動詞,1
2998,接続詞,1
2999,動詞,1
3000,名詞,3
3001,動詞,0
3002,動詞,3
3003,接続詞,1
3004,名詞,1
3005,名詞,0
3006,助詞,0
3007,名詞,1
3008,形容詞,3
3009,形容詞,0
3010,動詞,0
3011,名詞,3
3012,名詞,0
3013,名詞,3
3014,接続詞,1
3015,動詞,0
3016,動詞,0
3017,助詞,1
3018,助詞,0
3019,名詞,0
3020,名詞,3
3021,名詞,0
3022,連体詞,1
3023,助詞,0
3024,形容詞,4
3025,助詞,0
3026,名詞,1
3027,動詞,2
3028,動詞,3
3029,動詞,0
3030,助詞,0
3031,形容詞,1
3032,接続詞,1
3033,動詞,0
3034,助詞,1
3035,助詞,0
3036,名詞,0
3037,名詞,1
3038,接続詞,1
3039,代名詞,1
3040,名詞,0
3041,名詞,1
3042,名詞,0
3043,形容詞,4
3044,助詞,0
3045,名詞,2
3046,助詞,0
3047,名詞,1
3048,助詞,0
3049,名詞,1
3050,助動詞,1
3051,動詞,0
3052,助詞,0
3053,助詞,0
3054,名詞,1
3055,助詞,0
3056,助詞,0
3057,名詞,1
3058,名詞,2
3059,接続詞,0
3060,助詞,0
3061,助動詞,1
3062,助動詞,0
3063,助動詞,0
3064,助動詞,1
3065,接続詞,1
3066,動詞,0
3067,名詞,3
3068,接続詞,1
3069,名詞,3
3070,名詞,2
3071,名詞,2
3072,助詞,0
3073,名詞,1
3074,助詞,0
3075,助詞,0
3076,動詞,2
3077,動詞,1
3078,名詞,1
3079,動詞,0
3080,名詞,0
3081,接続詞,1
3082,形状詞,0
3083,助詞,0
3084,接続詞,1
3085,代名詞,1
3086,名詞,2
3087,動詞,1
3088,助詞,0
3089,名詞,2
3090,名詞,0
3091,接続詞,1
3092,名詞,2
3093,名詞,1
3094,副詞,0
3095,形容詞,1
3096,接続詞,0
3097,名詞,2
3098,助詞,1
3099,名詞,0
3100,接続詞,1
3101,名詞,0
3102,接続詞,0
3103,名詞,1
3104,助動詞,1
3105,助動詞,0
3106,助動詞,0
3107,助動詞,1
3108,接続詞,1
3109,動詞,0
3110,動詞,0
3111,動詞,4
3112,助詞,0
3113,名詞,1
3114,助詞,0
3115,助詞,1
3116,名詞,1
3117,名詞,0
3118,形容詞,3
3119,名詞,4
3120,助詞,1
3121,名詞,0
3122,動詞,1
3123,名詞,2
3124,副詞,0
3125,助詞,1
3126,名詞,0
3127,助詞,0
3128,名詞,2
3129,名詞,3
3130,名詞,1
3131,名詞,3
3132,助詞,1
3133,代名詞,0
3134,助詞,0
3135,名詞,1
3136,動詞,1
3137,助詞,0
3138,名詞,1
3139,助詞,1
3140,助動詞,0
3141,動詞,3
3142,助詞,0
3143,名詞,1
3144,形容詞,2
3145,形容詞,0
3146,名詞,1
3147,助詞,1
3148,代名詞,0
3149,副詞,1
3150,接頭辞,1
3151,助詞,1
3152,名詞,0
3153,副詞,1
3154,副詞,0
3155,助詞,1
3156,代名詞,0
3157,動詞,1
3158,動詞,2
3159,動詞,0
3160,助詞,0
3161,名詞,2
3162,副詞,0
3163,動詞,2
3164,接続詞,0
3165,名詞,0
3166,名詞,1
3167,名詞,3
3168,助詞,1
3169,代名詞,0
3170,助詞,1
3171,名詞,0
3172,助詞,1
3173,代名詞,0
3174,助詞,0
3175,助動詞,0
3176,形状詞,1
3177,助詞,1
3178,代名詞,0
3179,助詞,0
3180,名詞,2
3181,形容詞,1
3182,動詞,2
3183,名詞,1
3184,助詞,0
3185,助詞,0
3186,名詞,2
3187,名詞,3
3188,動詞,0
3189,接続詞,1
3190,動詞,0
3191,動詞,1
3192,接続詞,1
3193,副詞,1
3194,接続詞,1
3195,動詞,2
3196,接続詞,1
3197,名詞,2
3198,助詞,0
3199,名詞,1
3200,名詞,1
3201,名詞,3
3202,助詞,1
3203,代名詞,0
3204,助詞,0
3205,助動詞,0
3206,副詞,1
3207,助動詞,0
3208,名詞,1
3209,助詞,0
3210,名詞,2
3211,動詞,0
3212,接続詞,0
3213,名詞,1
3214,名詞,0
3215,助詞,0
3216,代名詞,2
3217,助詞,0
3218,名詞,3
3219,助詞,1
3220,代名詞,0
3221,助詞,0
3222,動詞,1
3223,形容詞,1
3224,副詞,0
3225,代名詞,0
3226,接続詞,0
3227,名詞,1
3228,助詞,1
3229,代名詞,0
3230,助詞,0
3231,名詞,1
3232,形容詞,2
3233,形容詞,0
3234,接続詞,0
3235,助詞,1
3236,動詞,0
3237,接続詞,1
3238,動詞,1
3239,動詞,1
3240,接続詞,0
3241,名詞,0
3242,感動詞,0
3243,動詞,0
3244,接続詞,1
3245,動詞,1
3246,形容詞,3
3247,形容詞,0
3248,助詞,0
3249,名詞,1
3250,助詞,1
3251,名詞,0
3252,動詞,0
3253,接続詞,2
3254,接続詞,1
3255,動詞,0
3256,助詞,0
3257,名詞,2
3258,助詞,1
3259,名詞,0
3260,形状詞,1
3261,動詞,1
3262,助詞,1
3263,助詞,0
3264,形容詞,3
3265,助詞,1
3266,名詞,0
3267,助動詞,1
3268,動詞,0
3269,動詞,1
3270,接続詞,0
3271,名詞,0
3272,感動詞,0
3273,動詞,0
3274,接続詞,2
3275,接続詞,1
3276,名詞,0
3277,名詞,3
3278,名詞,0
3279,助詞,0
3280,助詞,1
3281,名詞,4
3282,名詞,0
3283,助動詞,0
3284,動詞,2
3285,名詞,0
3286,名詞,1
3287,名詞,2
3288,名詞,3
3289,形容詞,3
3290,形容詞,0
3291,名詞,1
3292,助詞,0
3293,助動詞,0
3294,動詞,1
3295,助詞,0
3296,名詞,2
3297,助詞,0
3298,助詞,0
3299,名詞,3
3300,名詞,1
3301,動詞,1
3302,接続詞,0
3303,名詞,0
3304,感動詞,0
3305,名詞,2
3306,名詞,1
3307,助詞,0
3308,記号,1
3309,感動詞,1
3310,助詞,1
3311,代名詞,0
3312,助詞,0
3313,名詞,4
3314,助詞,0
3315,名詞,3
3316,助詞,1
3317,名詞,0
3318,名詞,0
3319,形容詞,3
3320,名詞,1
3321,助詞,0
3322,名詞,1
3323,接続詞,1
3324,動詞,0
3325,動詞,1
3326,名詞,2
3327,助詞,1
3328,名詞,0
3329,助詞,1
3330,名詞,0
3331,助詞,0
3332,名詞,2
3333,助動詞,1
3334,形容詞,3
3335,接続詞,1
3336,名詞,0
3337,名詞,2
3338,名詞,0
3339,動詞,4
3340,助詞,0
3341,名詞,2
3342,接続詞,0
3343,名詞,0
3344,名詞,1
3345,助詞,0
3346,副詞,1
3347,副詞,0
3348,動詞,1
3349,副詞,1
3350,助詞,0
3351,名詞,2
3352,接続詞,1
3353,動詞,2
3354,助詞,0
3355,名詞,1
3356,連体詞,0
3357,名詞,1
3358,連体詞,0
3359,動詞,0
3360,接続詞,1
3361,動詞,0
3362,動詞,4
3363,接続詞,0
3364,名詞,2
3365,名詞,3
3366,助詞,0
3367,副詞,1
3368,副詞,0
3369,動詞,1
3370,副詞,1
3371,形容詞,1
3372,副詞,0
3373,動詞,2
3374,接続詞,0
3375,名詞,1
3376,名詞,0
3377,名詞,2
3378,名詞,0
3379,形容詞,1
3380,接続詞,1
3381,形容詞,0
3382,助詞,0
3383,名詞,2
3384,助詞,0
3385,名詞,3
3386,形容詞,1
3387,動詞,3
3388,接続詞,0
3389,名詞,0
3390,接続詞,1
3391,名詞,1
3392,形容詞,1
3393,接続詞,0
3394,形容詞,1
3395,接続詞,0
3396,名詞,0
3397,助詞,1
3398,助詞,0
3399,名詞,2
3400,動詞,0
3401,名詞,0
3402,名詞,2
3403,助詞,1
3404,助詞,0
3405,名詞,1
3406,連体詞,0
3407,助詞,0
3408,形容詞,3
3409,助詞,0
3410,接続詞,1
3411,助動詞,1
3412,助詞,1
3413,名詞,0
3414,助詞,1
3415,名詞,0
3416,助詞,1
3417,名詞,0
3418,助詞,0
3419,名詞,2
3420,接続詞,1
3421,名詞,3
3422,助詞,0
3423,助詞,0
3424,副詞,3
3425,副詞,2
3426,接続詞,0
3427,名詞,1
3428,動詞,2
3429,動詞,1
3430,接続詞,0
3431,助詞,1
3432,名詞,0
3433,助詞,0
3434,副詞,3
3435,副詞,0
3436,動詞,1
3437,副詞,3
3438,形容詞,1
3439,動詞,0
3440,動詞,2
3441,副詞,3
3442,助詞,1
3443,名詞,0
3444,形容詞,1
3445,接続詞,0
3446,名詞,2
3447,名詞,0
3448,助動詞,1
3449,名詞,1
3450,助詞,0
3451,名詞,1
3452,形容詞,1
3453,接続詞,1
3454,名詞,1
3455,助動詞,0
3456,感動詞,1
3457,助詞,1
3458,名詞,0
3459,形容詞,1
3460,接続詞,0
3461,名詞,1
3462,助詞,0
3463,名詞,1
3464,接頭辞,1
3465,助詞,0
3466,動詞,1
3467,助詞,0
3468,名詞,1
3469,名詞,0
3470,助詞,1
3471,名詞,0
3472,助動詞,1
3473,名詞,0
3474,助詞,1
3475,名詞,0
3476,助詞,1
3477,動詞,0
3478,接続詞,1
3479,助動詞,0
3480,副詞,1
3481,名詞,2
3482,名詞,0
3483,連体詞,0
3484,動詞,2
3485,接続詞,2
3486,接続詞,0
3487,名詞,0
3488,名詞,1
3489,副詞,0
3490,動詞,1
3491,助詞,1
3492,助詞,0
3493,助動詞,1
3494,名詞,2
3495,名詞,0
3496,動詞,0
3497,助詞,1
3498,助詞,0
3499,代名詞,1
3500,助詞,0
3501,動詞,1
3502,助詞,0
3503,名詞,1
3504,名詞,0
3505,助詞,0
3506,助詞,0
3507,動詞,2
3508,動詞,1
3509,名詞,0
3510,助詞,1
3511,名詞,0
3512,助詞,1
3513,動詞,0
3514,接続詞,1
3515,助動詞,0
3516,副詞,1
3517,名詞,2
3518,名詞,0
3519,連体詞,0
3520,動詞,0
3521,名詞,0
3522,助詞,0
3523,名詞,1
3524,副詞,0
3525,接続詞,1
3526,動詞,1
3527,助詞,0
3528,名詞,1
3529,助動詞,0
3530,名詞,3
3531,助詞,1
3532,名詞,0
3533,助詞,0
3534,動詞,1
3535,助詞,0
3536,名詞,1
3537,名詞,0
3538,接続詞,1
3539,副詞,0
3540,感動詞,1
3541,副詞,0
3542,助詞,1
3543,名詞,0
3544,助詞,1
3545,動詞,0
3546,接続詞,1
3547,助動詞,0
3548,副詞,1
3549,名詞,2
3550,名詞,0
3551,連体詞,0
3552,助動詞,0
3553,動詞,4
3554,形容詞,3
3555,形容詞,0
3556,助詞,0
3557,名詞,1
3558,助詞,0
3559,形容詞,1
3560,動詞,1
3561,接続詞,1
3562,動詞,1
3563,接続詞,1
3564,助動詞,0
3565,名詞,1
3566,名詞,3
3567,副詞,0
3568,副詞,1
3569,助動詞,10
3570,動詞,1
3571,助詞,1
3572,助詞,0
3573,名詞,0
3574,名詞,1
3575,接続詞,1
3576,動詞,1
3577,動詞,0
3578,助詞,1
3579,名詞,0
3580,接頭辞,1
3581,副詞,0
3582,助動詞,1
3583,動詞,0
3584,助詞,1
3585,代名詞,0
3586,副詞,1
3587,副詞,1
3588,代名詞,1
3589,代名詞,2
3590,名詞,2
3591,名詞,0
3592,助詞,0
3593,助詞,1
3594,名詞,3
3595,名詞,0
3596,助動詞,0
3597,動詞,2
3598,助詞,1
3599,名詞,0
3600,助詞,0
3601,助動詞,1
3602,助動詞,0
3603,接続詞,0
3604,名詞,0
3605,名詞,1
3606,助動詞,0
3607,助動詞,1
3608,動詞,0
3609,助詞,1
3610,代名詞,0
3611,名詞,2
3612,名詞,1
3613,名詞,3
3614,助動詞,11
3615,動詞,0
3616,動詞,4
3617,助詞,1
3618,名詞,0
3619,助動詞,1
3620,動詞,0
3621,動詞,3
3622,動詞,0
3623,助詞,0
3624,助詞,1
3625,名詞,1
3626,名詞,0
3627,助動詞,1
3628,動詞,0
3629,助詞,1
3630,代名詞,0
3631,副詞,1
3632,副詞,1
3633,代名詞,1
3634,代名詞,2
3635,助動詞,00
3636,名詞,1
3637,助動詞,00
3638,名詞,1
3639,代名詞,0
3640,助動詞,0
3641,接続詞,1
3642,動詞,3
3643,助詞,1
3644,助詞,0
3645,名詞,0
3646,名詞,1
3647,感動詞,1
3648,動詞,0
3649,動詞,0
3650,名詞,2
3651,接続詞,1
3652,名詞,3
3653,名詞,0
3654,助詞,1
3655,名詞,0
3656,助詞,0
3657,名詞,1
3658,連体詞,1
3659,助動詞,1
3660,名詞,0
3661,接続詞,1
3662,動詞,0
3663,名詞,3
3664,助動詞,1
3665,動詞,0
3666,助詞,1
3667,代名詞,0
3668,副詞,1
3669,副詞,1
3670,代名詞,1
3671,代名詞,2
3672,助詞,0
3673,名詞,1
3674,動詞,1
3675,名詞,0
3676,名詞,1
3677,助動詞,0
3678,助動詞,1
3679,名詞,3
3680,名詞,0
3681,接続詞,0
3682,代名詞,2
3683,助詞,0
3684,名詞,1
3685,連体詞,0
3686,動詞,3
3687,助詞,1
3688,形容詞,0
3689,動詞,1
3690,助詞,1
3691,助詞,0
3692,名詞,0
3693,名詞,1
3694,助詞,0
3695,名詞,4
3696,接続詞,1
3697,名詞,1
3698,名詞,1
3699,名詞,1
3700,助詞,0
3701,名詞,2
3702,助動詞,1
3703,名詞,0
3704,名詞,0
3705,接続詞,1
3706,動詞,3
3707,動詞,0
3708,接続詞,1
3709,名詞,2
3710,助詞,0
3711,名詞,1
3712,名詞,0
3713,助詞,1
3714,名詞,0
3715,助詞,0
3716,助動詞,1
3717,動詞,0
3718,助詞,0
3719,代名詞,1
3720,助詞,1
3721,名詞,0
3722,接続詞,1
3723,代名詞,0
3724,動詞,0
3725,助詞,0
3726,名詞,2
3727,助詞,0
3728,助詞,0
3729,助詞,1
3730,名詞,1
3731,名詞,3
3732,名詞,0
3733,助詞,0
3734,動詞,2
3735,名詞,1
3736,助詞,0
3737,名詞,2
3738,助詞,1
3739,名詞,0
3740,名詞,0
3741,助詞,0
3742,名詞,1
3743,助詞,0
3744,名詞,1
3745,助詞,0
3746,助詞,1
3747,名詞,3
3748,名詞,0
3749,名詞,3
3750,動詞,0
3751,動詞,1
3752,助詞,0
3753,名詞,1
3754,助詞,0
3755,名詞,3
3756,名詞,0
3757,接続詞,1
3758,名詞,1
3759,助詞,0
3760,動詞,1
3761,助詞,1
3762,名詞,0
3763,名詞,0
3764,接続詞,1
3765,名詞,3
3766,名詞,0
3767,接続詞,1
3768,名詞,2
3769,助詞,0
3770,助詞,1
3771,名詞,2
3772,名詞,0
3773,名詞,1
3774,助詞,0
3775,名詞,2
3776,助動詞,0
3777,名詞,3
3778,助詞,0
3779,助動詞,1
3780,動詞,0
3781,助詞,0
3782,代名詞,1
3783,助詞,1
3784,名詞,0
3785,接続詞,1
3786,代名詞,0
3787,動詞,0
3788,助詞,0
3789,名詞,2
3790,副詞,0
3791,接続詞,1
3792,名詞,1
3793,助詞,1
3794,助詞,0
3795,名詞,0
3796,名詞,3
3797,助動詞,0
3798,助動詞,1
3799,動詞,4
3800,動詞,0
3801,助詞,1
3802,名詞,0
3803,動詞,2
3804,接続詞,0
3805,名詞,1
3806,助詞,1
3807,名詞,0
3808,形容詞,0
3809,助詞,0
3810,動詞,1
3811,接続詞,0
3812,名詞,0
3813,接続詞,1
3814,動詞,0
3815,接続詞,0
3816,名詞,0
